[{"id":"af887bcd.1beab8","type":"tab","label":"Form","disabled":false,"info":""},{"id":"7515c68c.798208","type":"ui_form","z":"af887bcd.1beab8","name":"","label":"Select your favourite colours...","group":"18ce10f6.6c196f","order":0,"width":"6","height":"7","options":[{"label":"You name","value":"name","type":"text","required":true,"rows":null},{"label":"Green","value":"green","type":"checkbox","required":false,"rows":null},{"label":"Blue","value":"blue","type":"checkbox","required":false,"rows":null},{"label":"Red","value":"red","type":"checkbox","required":false,"rows":null},{"label":"Yellow","value":"yellow","type":"checkbox","required":false,"rows":null},{"label":"Date","value":"date","type":"date","required":false,"rows":null}],"formValue":{"name":"","green":false,"blue":false,"red":false,"yellow":false,"date":""},"payload":"","submit":"submit","cancel":"cancel","topic":"","x":610,"y":280,"wires":[["b56b5544.5b52d8"]]},{"id":"b56b5544.5b52d8","type":"ui_text","z":"af887bcd.1beab8","group":"18ce10f6.6c196f","order":1,"width":"6","height":"1","name":"","label":"Form output text:","format":"{{msg.payload}}","layout":"col-center","x":970,"y":280,"wires":[]},{"id":"18ce10f6.6c196f","type":"ui_group","z":"","name":"The Form group","tab":"7ad701bf.dcd04","order":4,"disp":true,"width":"6","collapse":false},{"id":"7ad701bf.dcd04","type":"ui_tab","z":"","name":"Tab 1","icon":"fa-thermometer-full","disabled":false,"hidden":false}]