<?xml version="1.0" encoding="UTF-8"?>
<configuration>
    <appenders>

        <Console name="Console" target="SYSTEM_OUT">
            <PatternLayout pattern="%d{HH:mm:ss.SSS} %-5level - %msg%n"/>
        </Console>

        <RollingFile name="workersLog" fileName="${sys:logs.folder}/worker.log"
                     filePattern="${sys:logs.folder}/worker.log.%d{yyyy-MM-dd}">
            <PatternLayout>
                <pattern>%d{HH:mm:ss.SSS} %-5level - %msg%n</pattern>
            </PatternLayout>
            <Policies>
                <TimeBasedTriggeringPolicy/>
            </Policies>
        </RollingFile>

        <RollingFile name="statsLog" fileName="${sys:logs.folder}/stats.log"
                     filePattern="${sys:logs.folder}/stats.log.%d{yyyy-MM-dd}">
            <PatternLayout>
                <pattern>%d{HH:mm:ss.SSS} %-5level - %msg%n</pattern>
            </PatternLayout>
            <Policies>
                <TimeBasedTriggeringPolicy/>
            </Policies>
        </RollingFile>

        <Routing name="Routing">
            <Routes pattern="$${ctx:user}">

                <!-- This route is chosen if ThreadContext has no value for key "user". -->
                <Route key="$${ctx:user}">
                    <RollingFile name="default" fileName="${sys:logs.folder}/blynk.log"
                                 filePattern="${sys:logs.folder}/blynk.log.%d{yyyy-MM-dd}">
                        <PatternLayout>
                            <pattern>%d{HH:mm:ss.SSS} %-5level - %msg%n</pattern>
                        </PatternLayout>
                        <Policies>
                            <TimeBasedTriggeringPolicy/>
                        </Policies>
                    </RollingFile>
                </Route>

                <!-- This route is chosen if ThreadContext has a value for "user"
                The value dynamically determines the name of the log file. -->
                <Route>
                    <RollingFile name="${ctx:user}" fileName="${sys:logs.folder}/users/${ctx:user}.log"
                                 filePattern="${sys:logs.folder}/${ctx:user}.log.%d{yyyy-MM-dd}">
                        <PatternLayout>
                            <pattern>%d{HH:mm:ss.SSS} %-5level - %msg%n</pattern>
                        </PatternLayout>
                        <Policies>
                            <TimeBasedTriggeringPolicy/>
                        </Policies>
                    </RollingFile>
                </Route>
            </Routes>
        </Routing>

    </appenders>
    <loggers>

        <Logger name="cc.blynk.server.workers.ProfileSaverWorker" level="debug" additivity="false">
            <appender-ref ref="workersLog"/>
        </Logger>
        <Logger name="cc.blynk.server.workers.timer.TimerWorker" level="debug" additivity="false">
            <appender-ref ref="workersLog"/>
        </Logger>
        <Logger name="cc.blynk.common.stats.GlobalStats" level="debug" additivity="false">
            <appender-ref ref="statsLog"/>
        </Logger>

        <root level="debug">
            <appender-ref ref="Console"/>
            <appender-ref ref="Routing"/>
        </root>
    </loggers>
</configuration>