{
  "type": "service_account",
  "project_id": "___REPLACE_WITH_YOUR_PROJECT_ID___",
  "private_key_id": "___REPLACE_WITH_YOUR_KEY___",
  "private_key": "-----BEGIN PRIVATE KEY-----___REPLACE_WITH_YOUR_KEY___\n",
  "client_email": "___REPLACE_WITH_YOUR_CLIENT_EMAIL___",
  "client_id": "___REPLACE_WITH_YOUR_CLIENT_ID___",
  "auth_uri": "https://accounts.google.com/o/oauth2/auth",
  "token_uri": "https://oauth2.googleapis.com/token",
  "auth_provider_x509_cert_url": "https://www.googleapis.com/oauth2/v1/certs",
  "client_x509_cert_url": "https://www.googleapis.com/robot/v1/metadata/x509/___REPLACE_WITH_YOUR_cert_URL___"
}
